,ArcA,DcuR,Fnr,NarL,NarP,NsrR,TtrR
ArcA,0.0,0.03444100632315351,0.055755187202967425,0.12726638772663879,0.10271796681962583,0.13034434943378784,0.07404337615692776
DcuR,0.03444100632315351,0.0,0.1287209682695453,0.040700097235727185,0.04203025014543339,0.041237113402061855,0.0529500756429652
Fnr,0.055755187202967425,0.1287209682695453,0.0,0.05969794268046141,0.06185056902523503,0.06349769421780774,0.07541942434969987
NarL,0.12726638772663879,0.040700097235727185,0.05969794268046141,0.0,0.1014405762304922,0.11570247933884298,0.06792559188275085
NarP,0.10271796681962583,0.04203025014543339,0.06185056902523503,0.1014405762304922,0.0,0.10874251497005988,0.06616674018526687
NsrR,0.13034434943378784,0.041237113402061855,0.06349769421780774,0.11570247933884298,0.10874251497005988,0.0,0.07266872024642958
TtrR,0.07404337615692776,0.0529500756429652,0.07541942434969987,0.06792559188275085,0.06616674018526687,0.07266872024642958,0.0
