Regulator,Regulon_Size,Network_Connectivity,Betweenness_Centrality,Size_Normalized,Connectivity_Normalized,Globalness_Score,Classification,Percentile_Rank,Strength
ArcA,4948,0.5245682736631012,1.0,1.0,0.9856732430052341,0.992836621502617,Global,1.0,Strong
NsrR,4834,0.5321928716089899,1.0,0.97696038803557,1.0,0.988480194017785,Global,0.8571428571428571,Strong
NarL,4751,0.5127330750949134,1.0,0.9601859337105901,0.96343469153346,0.961810312622025,Global,0.7142857142857143,Strong
NarP,4424,0.4829486173761132,1.0,0.8940986257073565,0.9074691585327036,0.9007838921200301,Intermediate,0.5714285714285714,Strong
Fnr,4160,0.44494178574571674,1.0,0.8407437348423605,0.8360536367210536,0.8383986857817071,Intermediate,0.42857142857142855,Strong
TtrR,2827,0.4091739284640401,1.0,0.5713419563459984,0.768845188074346,0.6700935722101722,Local,0.2857142857142857,Strong
DcuR,2741,0.34007951101888645,1.0,0.5539611964430072,0.6390155320771527,0.59648836426008,Local,0.14285714285714285,Moderate
