,ArcA,DcuR,Fnr,NarL,NarP,NsrR,TtrR
ArcA,0.0,0.0,0.0,0.0,0.0,0.0,0.0
DcuR,0.0,0.0,0.0,0.0,0.0,0.0,0.0
Fnr,0.0,0.0,0.0,0.0,0.08163265306122448,0.0,0.1746031746031746
NarL,0.0,0.0,0.0,0.0,0.0,0.0,0.0
NarP,0.0,0.0,0.08163265306122448,0.0,0.0,0.0,0.0
NsrR,0.0,0.0,0.0,0.0,0.0,0.0,0.0
TtrR,0.0,0.0,0.1746031746031746,0.0,0.0,0.0,0.0
