Regulator,Known_Targets,True_Positives,Predicted_Regulon_Size,Recall,Precision,Recovered_Genes,Missed_Genes
Fnr,4,4,13,1.0,0.3076923076923077,"STM0695, STM1890, STM2076, STM4267",
ArcA,3,2,13,0.6666666666666666,0.15384615384615385,"STM1881, STM3301",STM0730
NarL,2,2,13,1.0,0.15384615384615385,"STM1765, STM4267",
NarP,1,1,13,1.0,0.07692307692307693,STM4267,
NsrR,2,1,13,0.5,0.07692307692307693,STM2840,STM0856
DcuR,2,2,13,1.0,0.15384615384615385,"STM2676, STM2678",
TtrR,3,3,13,1.0,0.23076923076923078,"STM1383, STM1384, STM1385",
